company,industry,period,fiscal_year,revenue,cogs,gross_profit,operating_expenses,ebitda,ebit,net_income,cash,accounts_receivable,inventory,accounts_payable,current_assets,current_liabilities,total_assets,total_debt,total_equity,operating_cash_flow,capital_expenditure,interest_expense
Apex 01,Manufacturing,FY2021,2021,143684798.36,81195541.09,62489257.27,46996516.46,15492740.81,12704047.47,8435963.64,7120073.3,15239433.09,21893785.48,14414648.24,51146347.6,29088153.32,128474093.39,33594331.29,59551267.56,14368890.47,5644357.53,2112811.85
Apex 01,Manufacturing,FY2022,2022,149506892.13,86293181.09,63213711.03,38869123.21,24344587.82,19962562.01,15750994.18,7494827.15,15694309.91,23390894.66,13484874.71,53680622.49,29544855.35,169227219.82,32640452.68,68894493.67,24262376.84,4647697.24,1968964.45
Apex 01,Manufacturing,FY2023,2023,167126168.9,106460236.5,60665932.39,35649876.28,25016056.11,20513166.01,15454567.36,7488800.96,17812420.98,26687481.19,17488270.95,60351037.77,43621079.18,140891944.74,31514322.01,49606555.32,19506629.89,3013291.99,2551706.12
Apex 01,Manufacturing,FY2024,2024,177527748.72,106694918.66,70832830.06,47250950.01,23581880.06,19337141.65,14789440.84,8042609.44,18788689.68,28170952.32,22403873.23,63324830.39,49360189.14,154815708.06,32557311.21,61286181.92,17919835.92,7932951.81,1884784.58
Apex 01,Manufacturing,FY2025,2025,193718275.99,118560822.25,75157453.74,43849619.83,31307833.92,25672423.81,20203930.98,8929666.25,21001245.31,30499348.7,13933383.55,69229117.25,38193932.8,224309711.74,32301049.52,62734443.38,24227379.28,6714887.59,2562718.7
Titan 02,Business Services,FY2021,2021,117258733.58,71311832.37,45946901.21,24746046.17,21200855.05,17384701.14,13624352.6,12807411.18,12963193.58,12580350.29,11792895.83,43527068.58,24371562.99,133444787.96,31696477.62,42132562.6,15654227.89,1982356.35,2001467.53
Titan 02,Business Services,FY2022,2022,150036602.73,92411143.26,57625459.48,29509042.14,28116417.34,23055462.22,18287224.3,12409918.69,16336520.24,16298732.69,16639452.66,52944494.24,38088329.27,146553245.95,31443508.76,55472856.55,25989034.44,6543768.08,2517688.88
Titan 02,Business Services,FY2023,2023,178784618.98,110831793.45,67952825.53,47199744.88,20753080.65,17017526.14,11772950.1,12927343.24,19993251.0,19338917.78,19368983.85,60681318.42,45957406.32,196816972.28,30762464.75,70622912.31,20065713.3,2684836.67,2562806.75
Titan 02,Business Services,FY2024,2024,207808015.05,116357150.89,91450864.16,54235572.22,37215291.93,30516539.39,24991744.98,12433080.86,23207926.97,22147575.87,25494006.97,68673246.83,62017503.24,225410544.09,29848155.52,98236119.07,32380901.29,3917543.49,2407674.18
Titan 02,Business Services,FY2025,2025,254767728.67,166335830.24,88431898.43,42951024.98,45480873.45,37294316.23,31624437.82,13185024.51,28283136.78,27306659.56,28991513.84,80761263.63,58568030.67,240052246.85,29770728.06,99563235.38,47677703.1,4746354.85,1848362.48
Summit 03,Distribution,FY2021,2021,78775362.37,47394849.05,31380513.32,21879829.6,9500683.72,7790560.65,4251367.81,6437139.15,8797868.1,7910314.5,6639209.44,26451208.56,18732663.03,79893772.27,28613157.47,29618074.08,7090447.16,3035890.82,2357562.4
Summit 03,Distribution,FY2022,2022,87015246.35,57720920.8,29294325.55,19833699.64,9460625.92,7757713.25,4671543.06,6555876.16,9765760.96,8764240.81,9897510.12,29317903.24,23286473.32,80284564.01,30847840.07,43886308.05,6948321.27,1954335.46,1780941.5
Summit 03,Distribution,FY2023,2023,91819942.21,57588926.32,34231015.89,21562678.37,12668337.52,10388036.77,7278884.19,6284462.99,10256051.96,9477474.66,8868690.32,30880399.89,24377806.54,108900997.28,37634364.88,45532508.79,11307933.65,4046494.54,1731853.45
Summit 03,Distribution,FY2024,2024,102297456.92,58430527.13,43866929.79,32105995.77,11760934.02,9643965.9,5684885.81,6253571.84,11352774.63,10559436.19,7520717.12,33311546.66,20851901.72,111428773.73,45913925.15,37865686.15,12288507.12,2832639.56,2424618.23
Summit 03,Distribution,FY2025,2025,114223848.01,62896313.73,51327534.28,34191769.8,17135764.49,14051326.88,8952444.78,6736071.46,12554729.45,11735977.04,14634652.04,36255470.73,31349532.96,90268057.31,56014988.69,47149160.77,15246860.39,3436482.89,3385524.38
Northstar 04,Healthcare Services,FY2021,2021,174143900.56,103697510.7,70446389.87,49345660.68,21100729.19,17302597.94,10430314.77,10412078.35,17304877.6,17046167.77,18401986.1,53080714.49,44445297.13,196554827.19,86434251.71,50049921.05,19081079.25,6353771.52,4260124.66
Northstar 04,Healthcare Services,FY2022,2022,184434912.81,117040547.9,67394364.91,37801392.14,29592972.77,24266237.67,16572971.73,10021149.81,18309694.11,18353406.0,13713212.88,56296924.1,38918612.19,155017873.66,93332961.14,56716711.89,31032190.21,7930292.05,4926742.25
Northstar 04,Healthcare Services,FY2023,2023,176897855.02,112907923.05,63989931.97,43788689.6,20201242.37,16565018.74,6598932.25,10030112.61,17968158.21,17797632.02,22861214.53,54631832.79,49805960.66,181176683.84,89687261.14,93728780.33,19918151.19,3366142.13,7312618.67
Northstar 04,Healthcare Services,FY2024,2024,157374211.55,96399367.17,60974844.38,47674939.02,13299905.36,10905922.39,2339561.24,10971314.62,16399357.76,15658589.86,17004956.73,49956770.81,36065918.56,126585325.44,91357580.75,56620094.61,13524245.13,3666883.14,6205747.98
Northstar 04,Healthcare Services,FY2025,2025,149411191.34,89766860.41,59644330.94,47157145.15,12487185.79,10239492.34,1178550.84,11440342.15,15784407.35,14887953.55,10545469.07,49114235.09,26385970.19,166228405.68,97384693.16,61591500.03,12691663.45,2904973.94,6819773.64
Atlas 05,Food & Beverage,FY2021,2021,69166769.9,45690827.05,23475942.85,15005940.92,8470001.94,6945401.59,4351093.02,5094693.52,10886508.55,11736609.19,6528142.58,30725733.91,16879151.72,88859187.59,31019217.66,33722581.51,8685634.26,2866442.9,1556807.02
Atlas 05,Food & Beverage,FY2022,2022,72070592.11,42296859.29,29773732.82,20412001.3,9361731.51,7676619.84,4044768.94,5595340.66,11649838.05,12501673.09,8550812.45,32849734.27,17296179.29,90033230.32,32709297.91,21145737.07,6907398.84,2846615.29,2550792.02
Atlas 05,Food & Beverage,FY2023,2023,77607361.92,50233171.59,27374190.33,14058234.2,13315956.13,10919084.03,7985275.65,5925756.14,12328372.68,13332793.67,6961047.98,35136875.11,20088196.3,82467381.98,35196077.64,42201284.45,10622054.95,2412539.08,1769697.95
Atlas 05,Food & Beverage,FY2024,2024,86542993.74,58317182.81,28225810.93,12013187.9,16212623.03,13294350.89,10160987.02,5945460.13,14213270.28,16665992.09,7436464.79,41132168.18,16841282.64,101061766.96,35623627.31,33645285.9,15482905.37,2298223.89,1835218.96
Atlas 05,Food & Beverage,FY2025,2025,93996685.92,61505683.29,32491002.63,17095221.95,15395780.69,12624540.16,9609116.67,6016316.04,15942478.82,20832490.11,9616530.21,47420263.35,37860488.57,92349694.55,37370396.59,41283197.45,14390743.76,2341081.56,1605473.21
Pioneer 06,Industrial Technology,FY2021,2021,93728541.01,59392397.13,34336143.88,22469270.01,11866873.87,9730836.57,6408244.75,10741102.54,10739546.71,10659044.48,10370039.24,36381820.7,26512385.07,78574883.4,39558905.13,29494640.37,9556778.68,2614711.79,1916663.71
Pioneer 06,Industrial Technology,FY2022,2022,101826572.84,60927035.07,40899537.76,26455546.63,14443991.13,11844072.72,7836869.1,11145256.31,11590342.91,11618977.69,12633709.4,39041751.78,29300884.54,110643788.82,38782085.63,33665099.55,10539468.88,4027516.29,2479805.03
Pioneer 06,Industrial Technology,FY2023,2023,112018501.53,66741587.26,45276914.27,31810312.15,13466602.12,11042613.74,7308235.4,11781205.91,12535611.57,12691794.82,11034738.79,41973587.78,29851496.4,101094051.01,37569733.88,50385575.03,11380010.76,3341659.21,2054100.82
Pioneer 06,Industrial Technology,FY2024,2024,118685703.3,70992076.37,47693626.93,35765828.44,11927798.49,9780794.76,5181329.76,11292723.25,13610183.33,13260997.96,11335525.73,44586672.37,24874114.82,109825748.08,40385808.04,59337035.41,10511792.43,3405550.33,2819179.45
Pioneer 06,Industrial Technology,FY2025,2025,131042466.87,78171957.54,52870509.34,28115234.89,24755274.45,20299325.05,15554413.76,12322583.01,22456802.49,15006348.3,16181851.82,55307997.38,35708776.25,142994904.25,42256190.93,67628222.55,21702264.82,4889150.31,2779274.28
Apex 07,Manufacturing,FY2021,2021,117993405.36,71062144.17,46931261.2,32215858.75,14715402.44,12066630.0,8990840.4,8240343.25,16594658.73,18366013.19,10522955.62,48576225.52,27421048.17,135014377.99,26514652.09,28459480.85,11491868.72,3212722.21,1305888.52
Apex 07,Manufacturing,FY2022,2022,127835104.48,80765146.12,47069958.36,31906785.29,15163173.07,12433801.92,8877517.64,7836585.66,18547836.78,20066942.24,14283192.53,53246877.49,35828337.29,128759523.82,27890002.87,59909511.53,12632945.33,5190544.8,1638757.71
Apex 07,Manufacturing,FY2023,2023,142699058.01,90091198.1,52607859.91,28737673.74,23870186.16,19573552.65,15568751.39,8349522.48,21004860.97,22220152.47,11867609.69,58196552.0,31112986.15,145489371.24,26871543.03,39165862.89,19517346.49,4141369.89,1864315.4
Apex 07,Manufacturing,FY2024,2024,149864009.65,90350617.41,59513392.24,44163274.22,15350118.02,12587096.78,8706399.9,6178646.64,22350721.03,22921538.83,16269983.04,61114982.82,32883301.55,151279397.23,27285467.26,43437767.55,3991904.52,3717432.83,1632736.73
Apex 07,Manufacturing,FY2025,2025,164985044.94,105082659.21,59902385.73,32237547.53,27664838.2,22685167.33,18074567.91,4572198.51,24497165.12,24869724.95,11740830.29,63794788.96,35359020.86,180943680.15,29468002.85,78830993.92,8852528.81,5700668.81,2135823.74
Titan 08,Business Services,FY2021,2021,154176897.9,91931947.24,62244950.66,39001663.61,23243287.05,19059495.38,14934839.23,20146197.32,14422832.02,14940052.72,12344535.43,55566675.95,35252108.01,184441342.46,35409568.02,39418806.4,17202043.08,2431424.07,1812002.68
Titan 08,Business Services,FY2022,2022,164191701.84,97722201.74,66469500.1,35891167.31,30578332.79,25074232.89,20456112.3,22051017.27,15689985.43,15668475.96,18297008.5,59714243.8,42955218.4,173033551.56,34426179.04,42681332.66,29672245.1,7309047.88,2155245.06
Titan 08,Business Services,FY2023,2023,181039548.26,116117222.51,64922325.76,39838568.35,25083757.41,20568681.07,15793616.22,23331067.09,17462459.16,17230190.35,21901175.64,65795644.18,51915083.9,207274959.79,33485127.89,82085476.94,25993686.97,5080805.1,2059471.63
Titan 08,Business Services,FY2024,2024,198908807.82,110361305.36,88547502.47,63821662.61,24725839.86,20275188.68,14702219.64,25459426.73,19400687.33,19002806.48,19121992.73,71680001.28,50645477.74,168084170.3,33224193.84,101630126.28,24678851.02,4438829.7,2589336.92
Titan 08,Business Services,FY2025,2025,214259928.7,129531602.96,84728325.74,73134927.25,11593398.49,9506586.76,4759457.74,27221250.56,21500498.36,20262097.19,17725122.05,77935018.71,52826595.23,198029300.77,33252124.13,47854926.74,11687444.06,9307853.54,1533230.09
Summit 09,Distribution,FY2021,2021,61742525.03,38359705.47,23382819.56,12802376.08,10580443.47,8675963.65,6797950.8,6221885.39,9244583.29,9326394.77,5456332.76,27744056.02,14503122.09,73950567.23,19864855.54,20323239.19,9372396.75,2228019.04,951874.97
Summit 09,Distribution,FY2022,2022,65550391.17,42922624.61,22627766.57,15360913.81,7266852.76,5958819.26,3928618.53,6677199.54,9696149.74,9964940.49,7586237.01,29160495.18,15112207.69,84264960.15,19586075.27,25769836.22,6318306.87,1539776.14,1046944.87
Summit 09,Distribution,FY2023,2023,68699568.88,45535691.38,23163877.5,14887401.04,8276476.46,6786710.7,4734261.55,6486682.44,9976281.11,10510509.46,5939674.01,30598968.55,18164322.24,85378938.48,20103207.9,26242546.2,7813789.05,2829157.62,1021955.61
Summit 09,Distribution,FY2024,2024,74602588.78,46573234.44,28029354.34,17611685.33,10417669.01,8542488.59,6370553.36,6856460.76,10664721.73,11697969.13,7360571.26,32579502.73,19727386.57,67750417.98,20265740.19,20085643.13,7562485.55,2378717.56,1052896.4
Summit 09,Distribution,FY2025,2025,79400045.59,43737631.26,35662414.33,26875954.42,8786459.91,7204897.13,4482257.64,7516246.56,11525214.4,12678772.28,6633177.33,35030449.72,17892564.54,102203881.13,20550711.67,25469587.79,7512004.56,2670288.61,1531638.8
Northstar 10,Healthcare Services,FY2021,2021,150067408.28,99894786.89,50172621.39,34152049.43,16020571.96,13136869.01,7848062.56,14280021.19,16096064.27,15296914.15,13127230.18,52798437.23,30912934.09,161590400.33,70365839.53,78768978.68,15156192.34,5797830.43,3037795.32
Northstar 10,Healthcare Services,FY2022,2022,185984836.68,104018792.7,81966043.98,56251314.2,25714729.77,21086078.41,13597099.53,15384192.6,20252068.85,19346963.95,22243390.24,63178295.83,41904365.66,189217024.38,68952241.51,58630137.8,20768864.96,3483609.39,4699206.34
Northstar 10,Healthcare Services,FY2023,2023,231359193.16,129104289.26,102254903.91,68697989.07,33556914.84,27516670.16,19581499.91,17130681.33,24885631.89,23718624.85,22192371.71,75556409.0,51294055.94,257030730.1,68265763.22,94814631.1,24562467.38,10069582.28,4464782.36
Northstar 10,Healthcare Services,FY2024,2024,287041287.06,187227977.22,99813309.84,70069847.52,29743462.32,24389639.1,14946969.69,17706158.93,31079761.22,29725349.15,35869932.82,92287856.05,68741651.8,231932570.32,70330089.52,96109215.67,27428667.01,7175817.42,5137050.1
Northstar 10,Healthcare Services,FY2025,2025,362512470.36,233395492.83,129116977.52,70233848.34,58883129.18,48284165.93,38870809.51,19741152.63,40392487.93,38155644.64,37340885.76,114379915.01,86782537.9,336117926.02,70171288.32,141313437.84,47880570.67,16183853.18,3975669.36
Atlas 11,Food & Beverage,FY2021,2021,147231526.74,88698569.7,58532957.04,33739293.34,24793663.7,20330804.23,15880680.89,13165103.41,15642251.62,17515129.61,14176476.97,53015399.09,37123983.07,133362438.41,41109372.26,40085961.31,25800320.8,4641498.94,2241650.45
Atlas 11,Food & Beverage,FY2022,2022,159625493.26,108058591.29,51566901.97,21349294.47,30217607.51,24778438.15,19032935.03,13118791.64,17079258.13,18742124.34,19143660.4,56967760.55,41470484.59,182096521.14,43000090.91,86753379.41,26534238.44,3561552.38,3351120.72
Atlas 11,Food & Beverage,FY2023,2023,173050189.78,110111482.41,62938707.37,31276037.14,31662670.22,25963389.58,20558456.46,14546407.76,19075153.58,20753202.13,14981793.21,61599656.84,43223669.77,174617882.71,52460110.91,84929801.63,26762233.95,4064113.04,2809180.27
Atlas 11,Food & Beverage,FY2024,2024,184105409.09,111904554.94,72200854.15,37239014.19,34961839.95,28668708.76,22518959.16,14945104.21,20082325.38,22222808.94,16699729.7,66056812.54,43239149.16,172600626.9,64001335.31,51964724.4,31123048.18,6613978.14,3388168.47
Atlas 11,Food & Beverage,FY2025,2025,199891308.55,131388808.49,68502500.07,34561155.22,33941344.85,27831902.78,21841733.64,16283095.81,22299938.66,24467428.33,23724006.84,71707036.62,49887040.66,240080933.95,78081629.08,76650012.22,31643213.4,3220366.58,2991799.51
Pioneer 12,Industrial Technology,FY2021,2021,122068251.62,76418396.05,45649855.56,25506159.46,20143696.1,16517830.81,11238292.69,11629873.18,19870991.28,14968354.51,11983371.42,51909451.18,33654915.99,148429564.42,56200746.37,61189474.88,18984358.1,4977975.71,3448514.34
Pioneer 12,Industrial Technology,FY2022,2022,130661948.3,84364165.46,46297782.84,24779776.29,21518006.55,17644765.37,11448644.62,12524795.2,21912611.1,15749638.36,9682735.67,55825220.06,29346428.75,137304520.0,60163544.84,32990342.95,22574520.72,4444131.01,4236191.53
Pioneer 12,Industrial Technology,FY2023,2023,120199985.86,71259340.05,48940645.81,27147406.87,21793238.94,17870455.93,13249417.44,13585999.94,20766574.48,14404610.71,11117352.63,53705979.69,24537150.21,115968786.21,61591824.88,29576355.12,19571959.17,4943247.01,2818038.71
Pioneer 12,Industrial Technology,FY2024,2024,108381283.94,60932384.61,47448899.33,39550006.89,7898892.44,6477091.8,943617.83,13271563.6,18625817.29,12884074.65,7647800.22,50514956.08,25462501.89,118436630.3,65789007.85,36203321.67,7402556.13,3536172.53,3907754.71
Pioneer 12,Industrial Technology,FY2025,2025,99514373.15,65180545.95,34333827.2,20792174.69,13541652.51,11104155.06,6126682.56,13274074.95,17159395.51,11883603.16,8382328.72,47290280.93,22886928.3,130999561.79,67695404.32,43509260.17,14184098.5,2312157.89,3484756.9
Apex 13,Manufacturing,FY2021,2021,131080665.97,73853240.65,57227425.32,40743051.93,16484373.39,13517186.18,7366864.72,13520596.0,12498831.35,18394566.77,14182544.34,50177959.85,33801557.11,153120174.58,56618566.22,56013635.86,15698479.77,5518772.76,4184111.48
Apex 13,Manufacturing,FY2022,2022,143101713.2,92550946.62,50550766.59,30563165.43,19987601.16,16389832.95,10382886.25,14084395.64,13944306.63,19796488.76,12550968.6,54416477.06,35418403.31,174420977.37,55547162.25,56551118.67,14915865.87,6068172.23,3860421.0
Apex 13,Manufacturing,FY2023,2023,158333146.1,103553707.34,54779438.76,27194308.22,27585130.54,22619807.04,16674576.37,15694312.99,15824377.33,22246616.58,14301111.33,60072046.86,31593240.51,185797469.32,59743594.56,72673570.6,20668571.6,7029717.34,3570233.48
Apex 13,Manufacturing,FY2024,2024,176918540.93,102145287.15,74773253.77,51257284.75,23515969.02,19283094.59,12051327.41,16469223.08,17378595.43,27808270.73,18080073.26,69727106.19,42208733.79,207540797.2,62177513.1,93819251.95,21994939.19,3228831.14,4577989.07
Apex 13,Manufacturing,FY2025,2025,187304676.94,128584014.34,58720662.6,25084275.92,33636386.68,27581837.07,20578002.24,16491824.28,19005598.77,34760338.41,15599114.1,79600394.1,54679116.87,194477788.07,65837445.8,49846722.02,34251450.66,8126746.48,4194264.68
Titan 14,Business Services,FY2021,2021,92657094.58,55235852.56,37421242.02,21958384.15,15462857.87,12679543.45,9942704.27,7846404.54,14987347.24,8807441.08,7345055.21,36124877.48,19686124.26,113086658.03,15803059.94,21384921.52,13472346.8,2419823.3,1346982.76
Titan 14,Business Services,FY2022,2022,99649985.44,55497296.72,44152688.73,26515586.24,17637102.48,14462424.04,12193732.27,7617031.79,16435296.78,9535763.08,12822018.61,38799963.66,25646364.6,117445055.07,15925956.5,36876147.92,13517657.31,3476096.63,773941.98
Titan 14,Business Services,FY2023,2023,108751652.13,65946954.62,42804697.51,31720493.04,11084204.48,9089047.67,6239886.59,7515814.61,17847918.61,10276048.7,11296542.91,41178581.7,22768625.52,127949150.96,16751221.81,35716723.57,8562604.26,2112677.61,1217886.3
Titan 14,Business Services,FY2024,2024,120936457.25,83398146.48,37538310.76,16101531.42,21436779.35,17578159.06,14913359.21,8149378.19,19629890.69,11350668.47,9731735.82,44543196.63,28221059.09,110474444.6,16132994.82,39527425.87,15117240.69,2446228.41,850753.0
Titan 14,Business Services,FY2025,2025,126280871.66,74020729.06,52260142.6,33652946.94,18607195.66,15257900.44,12156510.04,9051682.71,32389319.63,11895548.45,14734581.21,58748289.86,32547639.31,117765151.97,15698799.16,60420965.73,16306295.74,5178706.22,1207177.33
Summit 15,Distribution,FY2021,2021,123719349.76,73482656.28,50236693.48,32405741.56,17830951.92,14621380.58,7735218.99,10430426.76,11566091.66,15587921.51,13175844.19,43338275.2,26197872.22,115104675.23,61374727.95,67826307.69,16432592.57,3824994.65,5030371.33
Summit 15,Distribution,FY2022,2022,133158793.86,80593061.58,52565732.28,38061269.31,14504462.98,11893659.64,5411554.14,10314063.96,12809039.36,16972800.26,15464764.55,46870206.08,36459537.85,124844353.54,60503376.69,49222765.74,12445470.63,3659162.31,4484723.59
Summit 15,Distribution,FY2023,2023,139498066.87,87919080.6,51578986.27,29278866.08,22300120.19,18286098.56,12565116.57,11093758.92,13279966.29,18224648.13,10326762.68,48793581.73,33559015.01,156863810.24,58760129.94,56301746.6,16363773.59,4546793.36,3628510.98
Summit 15,Distribution,FY2024,2024,151345207.08,97443545.38,53901661.7,37102220.26,16799441.44,13775541.98,8030059.26,8209381.6,14672335.49,20091601.6,18477059.66,53424956.37,42341906.58,142818285.47,63238112.23,62159460.84,6217171.19,3236088.06,3475304.61
Summit 15,Distribution,FY2025,2025,165350526.7,108900802.41,56449724.29,38304214.64,18145509.65,14879317.91,7414952.2,6074942.39,16060229.37,22315122.79,17270201.15,54852260.1,44483212.14,183390922.03,67122109.77,69857155.36,8073106.37,5668377.26,4984107.82
Northstar 16,Healthcare Services,FY2021,2021,53214997.7,34416381.68,18798616.02,11849577.1,6949038.92,5698211.91,3841820.9,6499100.96,6102009.29,5256862.98,5004714.12,20054972.81,10930202.64,48581040.06,24229377.03,19079956.61,4938890.32,1342448.33,1058166.05
Northstar 16,Healthcare Services,FY2022,2022,56918987.56,33523949.75,23395037.81,13723636.33,9671401.49,7930549.22,5436344.91,6905487.0,6435799.38,5531453.58,4521905.85,21312303.3,13027142.51,57983196.72,25219782.99,20825210.76,7691046.59,1320236.22,1640419.5
Northstar 16,Healthcare Services,FY2023,2023,62633395.02,42219013.79,20414381.23,11727616.19,8686765.04,7123147.33,4763019.59,6569236.77,7215204.47,6110746.62,6891424.28,23363107.83,13382335.27,59099702.78,25407206.52,18145346.32,7902903.81,1197365.38,1420626.82
Northstar 16,Healthcare Services,FY2024,2024,66419055.14,42778047.29,23641007.85,16952895.16,6688112.69,5484252.41,2585460.6,6321266.7,7583059.03,6474042.31,7453564.69,23947290.87,16753626.39,76730895.55,26931702.54,15539385.29,6568864.08,1033629.68,1902505.98
Northstar 16,Healthcare Services,FY2025,2025,73970436.43,42111709.58,31858726.85,26546294.04,5312432.8,4356194.9,1417006.55,6669450.26,8616348.89,7215823.14,5689096.03,25851960.55,13209561.17,83756784.91,26904021.64,38725300.1,5208642.5,1305126.72,1829631.8
Atlas 17,Food & Beverage,FY2021,2021,169312430.3,108777842.28,60534588.02,38528005.77,22006582.24,18045397.44,12334727.61,12030840.83,22558137.13,19973951.19,17032343.5,62043069.71,46234304.88,193432021.84,61422304.21,50449808.16,21007102.41,3283531.25,3170983.38
Atlas 17,Food & Beverage,FY2022,2022,178756972.98,108266688.68,70490284.3,40384146.35,30106137.95,24687033.12,17631159.88,13319418.76,23605071.82,21460495.5,17812599.93,66034256.81,46477293.39,186837631.64,64566220.69,76802655.53,25804477.82,6030483.28,4374518.64
Atlas 17,Food & Beverage,FY2023,2023,198266464.32,119393995.51,78872468.81,56352141.25,22520327.55,18466668.59,12410832.27,13676716.92,26335523.21,23698412.54,17146167.12,73266677.72,37863777.36,166998342.36,65914390.9,98034813.83,18210899.55,3430392.49,3081839.36
Atlas 17,Food & Beverage,FY2024,2024,219905266.77,125402941.69,94502325.08,60339875.87,34162449.21,28013208.35,20411559.11,14508430.46,29414217.04,26467710.0,25840862.91,80553907.3,63592031.12,207793448.77,66835086.04,82894957.02,33596567.75,4293833.36,4303070.24
Atlas 17,Food & Beverage,FY2025,2025,229789985.65,155225372.81,74564612.84,32990683.47,41573929.37,34090622.08,26718045.69,15072332.03,31408760.65,27795789.44,18464437.58,85202479.83,45997758.28,203199288.91,67672596.03,78827421.88,35495722.25,5397033.13,3925726.6
Pioneer 18,Industrial Technology,FY2021,2021,117349444.18,69826075.02,47523369.16,32787420.7,14735948.47,12083477.74,7440173.83,7794223.11,18268217.16,17351137.89,14363194.07,49207935.08,29227726.46,147438643.88,40153819.26,52865735.4,11044592.39,3140123.21,2883062.26
Pioneer 18,Industrial Technology,FY2022,2022,149334239.66,96568260.76,52765978.9,32769954.34,19996024.56,16396740.14,11078274.63,8260506.42,23773369.08,22314709.96,17880914.25,61349014.13,41640286.53,153841049.09,41850307.4,50684529.53,17681238.15,3864461.01,3078451.91
Pioneer 18,Industrial Technology,FY2023,2023,177066073.79,98683605.0,78382468.79,52926673.96,25455794.83,20873751.76,15955260.97,9088423.67,27908914.01,26098422.83,21365802.33,71121146.96,40505097.54,153474400.27,44047656.38,58632286.13,25259580.02,6726603.47,2262499.68
Pioneer 18,Industrial Technology,FY2024,2024,213401162.61,142399478.08,71001684.53,33694668.12,37307016.41,30591753.45,24049989.42,9320303.72,34432594.97,31148032.93,20542082.19,85339109.7,48896414.88,205691213.7,45860814.32,99661981.64,29216451.58,6075069.92,3340746.6
Pioneer 18,Industrial Technology,FY2025,2025,255470245.7,147353362.07,108116883.63,71786101.19,36330782.44,29791241.6,22363492.06,9690023.06,41291795.31,38140537.57,32972621.75,101526148.89,67955286.13,315228864.46,45577055.48,125071617.93,30287351.22,9972990.41,3595695.85
Apex 19,Manufacturing,FY2021,2021,66753818.59,38154819.29,28598999.31,16809944.89,11789054.42,9667024.62,7205700.99,4403257.68,10938533.55,8987210.14,8298726.09,27721317.14,15760994.78,69806341.91,26209143.37,22386765.92,12157399.2,1054717.39,1460016.35
Apex 19,Manufacturing,FY2022,2022,69708379.38,43199607.44,26508771.95,18058720.34,8450051.61,6929042.32,3661378.87,4286095.49,11449968.09,9217911.18,8772768.48,28556555.92,20423415.94,67924485.79,27204967.17,34423484.09,8255558.65,2501287.2,2222037.75
Apex 19,Manufacturing,FY2023,2023,73270715.65,43319474.13,29951241.52,19665928.36,10285313.16,8433956.79,6104958.19,4456344.16,11860529.16,9622573.9,8799650.72,29432734.33,19343624.67,65663252.71,33190059.95,23085662.35,9817662.34,1761027.64,1229937.87
Apex 19,Manufacturing,FY2024,2024,76481435.16,48276949.85,28204485.32,15091672.91,13112812.4,10752506.17,7504866.81,4416814.08,12221936.44,10287275.33,8092067.97,30789627.68,15840771.43,69598658.62,40491873.13,27659421.91,11544277.53,2557867.1,2100417.83
Apex 19,Manufacturing,FY2025,2025,81012588.43,51174075.34,29838513.09,16893234.76,12945278.34,10615128.24,7439138.34,4612063.02,13416317.95,10725812.67,8227927.43,32609574.12,19617180.66,81717905.93,49400085.22,30391433.12,13539674.0,2760108.91,1960801.07
Titan 20,Business Services,FY2021,2021,194942198.2,117363785.69,77578412.5,44548357.04,33030055.46,27084645.48,22094301.7,12834169.4,29840736.05,21955793.66,20032421.06,74016278.44,52213617.4,215964551.38,27241547.67,83527435.3,32128331.9,7669987.23,2066210.8
Titan 20,Business Services,FY2022,2022,203723962.72,118431532.51,85292430.21,56528407.19,28764023.02,23586498.87,18985016.6,13377250.08,30666620.78,22724719.25,14772912.06,76411707.56,50357311.11,188729924.4,27836667.35,95462197.45,30092717.97,4223829.89,1545622.84
Titan 20,Business Services,FY2023,2023,193593939.64,110113956.43,83479983.2,58337314.55,25142668.66,20616988.3,16321830.4,13836819.47,29205567.63,22150921.61,22185567.8,74413436.31,55400673.54,200057714.59,28014748.88,101641165.26,26168571.36,5919768.84,1391248.81
Titan 20,Business Services,FY2024,2024,183030935.3,124268893.63,58762041.67,37856102.38,20905939.29,17142870.21,12215235.11,14147313.99,27983775.58,20855045.97,13691470.73,71827187.78,41672057.32,204690427.88,27924527.45,61500316.94,19043587.41,2978033.18,2182171.08
Titan 20,Business Services,FY2025,2025,166874856.49,91824377.69,75050478.8,60914512.64,14135966.16,11591492.25,6737093.72,15731448.12,26545538.26,18675326.54,18064328.75,67711921.61,39602013.82,152336128.35,29491973.54,70170719.98,13256620.19,6414562.53,2351275.68
Summit 21,Distribution,FY2021,2021,53941042.4,32649796.84,21291245.56,12600502.95,8690742.61,7126408.94,4415107.84,2731378.15,6449265.65,6487160.15,5633349.31,18385679.28,13312222.98,45106962.93,23108935.85,24962442.03,8059327.64,1616684.18,1902185.47
Summit 21,Distribution,FY2022,2022,57768644.31,35317774.63,22450869.68,15312981.72,7137887.97,5853068.13,3706035.57,2990805.73,6950601.75,7140918.29,5033648.45,19711330.4,15046012.41,56152777.58,23546712.07,29841206.61,5302901.84,1637933.77,1280502.9
Summit 21,Distribution,FY2023,2023,60485114.25,35960209.14,24524905.11,13873663.4,10651241.7,8734018.2,6466129.79,3312751.49,7283318.55,7357075.4,6201555.8,20655455.4,16563051.12,63302300.3,25010456.84,29148974.57,10109446.98,1830441.19,1360611.69
Summit 21,Distribution,FY2024,2024,63491768.58,42022836.43,21468932.15,14326176.85,7142755.3,5857059.34,2988508.6,3491743.5,7511184.73,9196344.26,6554971.85,23194868.91,14777974.5,53955754.13,26422032.19,20448535.92,6379026.38,2856358.24,1916174.21
Summit 21,Distribution,FY2025,2025,69682823.81,42952674.35,26730149.46,14938086.87,11792062.59,9669491.32,6565085.51,3521659.06,8126610.77,11495430.32,8943287.6,26597925.78,30213169.34,82426693.51,26791859.78,33272626.22,11061404.53,2382721.79,2059163.45
Northstar 22,Healthcare Services,FY2021,2021,73038606.07,48831993.09,24206612.98,15820383.25,8386229.73,6876708.38,4479810.01,9368983.09,12150431.73,6231756.25,9236041.66,30889827.1,21769033.59,79850275.49,23855141.52,19085440.42,6605932.6,1759115.7,1301319.27
Northstar 22,Healthcare Services,FY2022,2022,79077309.65,48999445.15,30077864.5,20969958.92,9107905.57,7468482.57,4310354.84,10214910.12,13024411.05,6827604.91,8954553.71,33174864.53,20690505.22,69657133.51,25312776.56,18583357.16,8172216.84,2707892.71,1971968.09
Northstar 22,Healthcare Services,FY2023,2023,85889163.42,51434021.49,34455141.93,19937613.56,14517528.37,11904373.26,9055162.14,11101533.53,14385216.76,7449214.65,9244236.97,36343799.7,19823525.81,98527239.36,27206122.14,27325910.26,12616177.64,1476365.21,1560873.67
Northstar 22,Healthcare Services,FY2024,2024,89736400.38,56395310.14,33341090.24,20456504.4,12884585.83,10565360.38,7773011.88,10793246.68,15265486.41,7750328.05,10149345.99,38604168.02,24393741.48,92285925.62,28928086.95,36374192.34,13417762.17,2205135.33,1446302.5
Northstar 22,Healthcare Services,FY2025,2025,96674621.91,63085407.9,33589214.01,21764680.04,11824533.97,9696117.86,6832211.58,10546609.58,25188052.58,8307021.76,8995475.93,49122052.12,23422248.66,105287525.65,28632801.58,39698149.89,11858324.06,2357067.23,1413786.95
Atlas 23,Food & Beverage,FY2021,2021,154216688.09,86001620.63,68215067.46,45778081.25,22436986.21,18398328.69,11677533.08,13700424.21,19896514.72,17056897.49,11262818.6,57965632.37,32790163.01,160469809.97,56149873.95,77041549.8,20843758.54,4306937.92,4407545.29
Atlas 23,Food & Beverage,FY2022,2022,171272507.63,100733732.02,70538775.61,41637035.14,28901740.48,23699427.19,17781701.8,14795755.3,22177279.17,19088553.78,13989421.63,63529882.54,38696822.63,159765895.73,54399334.81,93583286.39,25332070.19,6065095.05,3348637.78
Atlas 23,Food & Beverage,FY2023,2023,179751332.84,99490278.66,80261054.18,55913496.33,24347557.85,19964997.44,13091082.16,14169918.08,23282816.53,20547917.81,20724953.06,67614056.28,41562559.9,158355144.38,55546872.56,59300581.75,21304776.98,5250954.27,4177645.28
Atlas 23,Food & Beverage,FY2024,2024,193512930.36,117099226.92,76413703.45,48084278.18,28329425.27,23230128.72,17099126.42,10485739.38,25456108.48,21877043.16,25047722.38,71178716.24,55844443.89,222373417.41,55319581.48,76567676.02,8988209.63,7017203.46,3228308.35
Atlas 23,Food & Beverage,FY2025,2025,205894515.63,118553066.26,87341449.37,59926141.05,27415308.32,22480552.82,15411766.41,7759447.14,28072414.17,23477750.36,24255462.88,72330629.7,56792136.64,204069370.64,57674272.64,111004595.79,6999935.07,7924286.88,3980368.67
Pioneer 24,Industrial Technology,FY2021,2021,163310474.66,98514918.72,64795555.94,36101082.26,28694473.69,23529468.42,17735550.1,14061072.58,22748299.95,15581694.57,20722843.42,60906144.88,38489658.06,179502228.62,63210087.04,58044551.16,23236565.83,6246489.95,3344261.2
Pioneer 24,Industrial Technology,FY2022,2022,181869350.7,103266421.39,78602929.32,48371632.04,30231297.28,24789663.77,19059697.37,13771991.16,25066957.39,17202327.32,16277847.42,65423824.83,44099883.13,213620004.21,64667538.34,60556658.66,24481709.92,4661058.6,3001926.14
Pioneer 24,Industrial Technology,FY2023,2023,200376227.2,118035736.65,82340490.55,50701521.29,31638969.25,25943954.79,18234877.55,13780178.28,28033977.16,18774145.11,16990130.36,70598924.78,45973936.88,183932050.5,63825828.54,57788839.01,32920939.78,7243530.04,4703433.83
Pioneer 24,Industrial Technology,FY2024,2024,213473470.55,136872263.3,76601207.25,37315036.84,39286170.41,32214659.73,24109699.16,15327465.02,29765655.88,19740205.63,23609596.88,73959713.32,51441314.78,238728428.88,68779942.4,67425462.29,38753140.01,5044145.48,4902858.52
Pioneer 24,Industrial Technology,FY2025,2025,234208426.9,150246839.03,83961587.87,69952680.14,14008907.73,11487304.34,4173552.45,16165342.36,32917126.21,21462236.61,23962959.18,81417249.19,64865567.29,241787300.47,71774659.34,70265140.12,10479300.87,8219549.18,3800625.48
Apex 25,Manufacturing,FY2021,2021,122296836.79,71188102.27,51108734.52,38822020.13,12286714.38,10075105.8,6903475.44,13132362.54,15563678.76,18562924.27,15421866.65,52031345.79,36245589.94,122776039.96,20298753.05,52972423.93,9458430.58,5165587.09,1337177.8
Apex 25,Manufacturing,FY2022,2022,128063971.31,78070528.59,49993442.72,31019010.27,18974432.46,15559034.61,12137495.67,14701932.09,16861020.65,19914645.68,10309647.41,56311227.43,32154748.14,134276295.23,19914997.92,49109547.33,19389444.74,5519334.63,1500579.37
Apex 25,Manufacturing,FY2023,2023,143043679.4,80155161.19,62888518.21,37297019.09,25591499.12,20985029.28,17935816.95,15201284.85,19070627.43,21952621.79,18449721.32,62877365.29,36010468.92,180949080.02,21482147.67,71643385.88,22780405.23,4154077.58,903557.13
Apex 25,Manufacturing,FY2024,2024,150971862.72,101789676.49,49182186.23,31877114.42,17305071.81,14190158.88,10564545.56,14894737.8,20040574.89,22934669.37,17240544.94,65725122.25,41888424.59,185364073.49,22086520.97,77905121.31,16700241.59,6010143.77,1361035.38
Apex 25,Manufacturing,FY2025,2025,163234167.7,110649376.24,52584791.46,26429286.69,26155504.77,21447513.91,17841861.0,16565717.66,21436584.61,24709870.95,13855777.29,69202901.75,33584719.48,162373428.35,21827281.54,74851229.09,25209063.33,2504513.59,1157140.4
Titan 26,Business Services,FY2021,2021,162601952.06,91818627.73,70783324.34,44227151.87,26556172.46,21776061.42,17998801.39,13710576.38,16000376.05,18377478.9,14260558.03,56555076.3,38515897.05,178359212.38,22978954.44,68275560.14,19830797.19,4467548.55,1338230.75
Titan 26,Business Services,FY2022,2022,197805172.12,121600239.74,76204932.38,44601896.83,31603035.55,25914489.15,21712603.79,13207089.23,19382012.25,22682152.42,24208999.88,65664999.65,45285066.7,199315523.59,23291692.43,47548438.07,29906525.94,6216913.2,1234807.78
Titan 26,Business Services,FY2023,2023,243048002.05,162604136.35,80443865.7,48961715.23,31482150.47,25815363.39,20636731.79,13564783.31,23562685.2,27649413.95,25517332.83,76571588.47,51590387.84,235840734.53,23786525.43,90108466.21,30948283.38,4066704.31,1532911.56
Titan 26,Business Services,FY2024,2024,305469982.08,179842638.21,125627343.87,84194805.58,41432538.29,33974681.4,27545414.6,15041704.38,30197421.59,34997118.67,22212979.26,94032822.67,61179435.6,239927625.55,23017059.62,161332729.5,43418950.12,4872871.25,1847217.06
Titan 26,Business Services,FY2025,2025,382532925.08,222934115.79,159598809.29,87663494.39,71935314.89,58986958.21,51618545.56,16035421.95,37973208.24,44863488.08,35555967.6,117005046.95,100421931.42,390407837.4,24600911.31,152236278.98,59812483.34,13237943.19,1630418.77
Summit 27,Distribution,FY2021,2021,97264982.41,67065541.66,30199440.74,20273920.89,9925519.85,8138926.28,4769657.3,5891727.94,13117175.5,14962171.48,9912859.55,38852879.65,26046088.87,119093002.64,33206936.36,44669711.77,8150399.26,1788249.69,1910294.24
Summit 27,Distribution,FY2022,2022,107454292.2,67836573.37,39617718.83,21463873.63,18153845.2,14886153.07,10606152.55,5645895.44,14241278.12,16384510.45,8172307.55,41890231.12,19206369.96,122074389.59,34260731.51,37904240.01,17176264.15,2367237.22,2668186.13
Summit 27,Distribution,FY2023,2023,113620184.63,64658720.84,48961463.78,37022258.97,11939204.81,9790147.95,5853558.64,6009098.28,15020807.86,17665301.56,12940322.01,44013014.08,27201052.23,109715709.01,41798092.45,36310995.79,10855974.92,2192621.08,2232286.53
Summit 27,Distribution,FY2024,2024,124166068.61,81832146.21,42333922.4,26559233.56,15774688.85,12935244.85,9089923.15,6214943.15,16969430.36,19728656.27,15482845.7,48915488.34,34117621.11,153080401.65,50993672.78,65897852.41,13400916.88,4363229.89,1982830.68
Summit 27,Distribution,FY2025,2025,136938332.75,88376874.47,48561458.28,29736652.89,18824805.38,15436340.41,10783183.99,6651779.42,18758890.37,22107639.69,13476255.96,53928389.86,36474675.73,159687297.15,62212280.8,71463266.51,15158820.36,4364440.82,2599081.43
Northstar 28,Healthcare Services,FY2021,2021,191764750.24,107558613.46,84206136.78,50409132.76,33797004.02,27713543.3,23095168.97,16314352.75,21435784.69,19055837.1,16512420.68,66693460.22,46023817.91,211414207.14,36926240.99,88023995.48,33991916.77,6091505.91,1741903.07
Northstar 28,Healthcare Services,FY2022,2022,206789813.07,117513204.09,89276608.98,62400801.19,26875807.79,22038162.39,15861068.66,16171452.74,22706317.06,21060692.66,26412157.19,70420853.13,49031922.1,213469901.12,39878443.77,59449866.3,23318050.35,8779012.08,3075246.54
Northstar 28,Healthcare Services,FY2023,2023,196408188.87,125054538.59,71353650.28,42279638.44,29074011.84,23840689.71,18526968.43,17671424.54,21468594.52,20122166.62,19608733.17,67582623.33,40798949.19,227799107.25,42979320.36,67236930.68,25129297.82,5385101.09,2367598.45
Northstar 28,Healthcare Services,FY2024,2024,176750610.24,118347051.07,58403559.18,43650244.09,14753315.09,12097718.37,5905378.83,18287825.95,19636534.32,18125918.36,13988871.3,64271407.72,36328243.57,190090125.33,43219178.19,78830662.95,14630522.52,4015739.0,3541080.39
Northstar 28,Healthcare Services,FY2025,2025,170915320.36,102577013.19,68338307.17,50536860.84,17801446.33,14597185.99,9797756.37,19368775.61,19532151.9,17318391.11,19350829.5,63684134.97,43119220.77,144611312.1,46245727.64,39509099.92,15838799.47,6905136.44,2235699.82
Atlas 29,Food & Beverage,FY2021,2021,182700050.4,107975046.69,74725003.72,56304685.58,18420318.14,15104660.87,7233213.33,16983995.83,22521310.04,30318085.91,20097970.89,79831159.57,47379025.4,202360304.8,80074796.83,40908518.01,16039474.23,5642239.68,5130946.78
Atlas 29,Food & Beverage,FY2022,2022,194023664.14,107324750.79,86698913.35,66997200.67,19701712.68,16155404.4,7037147.61,16688957.49,24377544.25,32812889.77,24172710.21,83875613.07,45236174.19,212044229.65,77797282.78,94881597.55,14817936.29,4466374.71,6207901.83
Atlas 29,Food & Beverage,FY2023,2023,207945194.56,132621784.47,75323410.09,46930060.25,28393349.84,23282546.87,14904265.85,18009547.93,27087490.92,34881564.51,23090753.75,89055272.65,57990064.37,190407802.52,80788454.99,71773766.0,28404045.78,6567126.17,5259103.11
Atlas 29,Food & Beverage,FY2024,2024,217196508.9,149578234.91,67618273.99,42548470.82,25069803.17,20557238.6,12048499.0,18726094.93,28456053.2,43601955.64,25425583.41,100927382.21,56977401.03,202362648.5,85874511.37,62936517.29,18385608.07,8914506.37,5250791.97
Atlas 29,Food & Beverage,FY2025,2025,241306265.01,150437555.08,90868709.93,65726870.86,25141839.07,20616308.04,12876976.92,18790932.12,32625987.1,54502444.55,29912010.68,117919839.83,100627416.75,319311074.74,82778581.83,99833689.9,25772100.39,9065305.47,4119737.14
Pioneer 30,Industrial Technology,FY2021,2021,156293964.24,99327639.28,56966324.96,28725987.58,28240337.38,23157076.65,19325152.04,11087970.09,16466168.63,16070905.33,20210165.81,51912237.02,44894153.85,149570223.23,26041324.37,77641001.82,29398562.98,3941387.18,1487515.14
Pioneer 30,Industrial Technology,FY2022,2022,172160998.17,95776576.28,76384421.9,53021610.71,23362811.18,19157505.17,14597454.82,11347585.49,17837767.4,17600643.44,22304344.41,55134430.84,46277466.68,179413658.1,26111566.77,75410258.17,24049677.73,3025010.52,1977635.38
Pioneer 30,Industrial Technology,FY2023,2023,187567560.43,108465120.01,79102440.42,48307641.87,30794798.54,25251734.81,21177515.26,10790228.26,19242358.32,19449998.11,20263683.75,59418319.95,50119266.84,166952111.95,26059379.86,63542782.78,22704783.9,4331496.42,1260706.14
Pioneer 30,Industrial Technology,FY2024,2024,197058584.09,130800620.69,66257963.4,38591740.04,27666223.36,22686303.16,17979505.09,10957373.71,20302289.2,20070718.65,17978611.79,61016165.33,39151599.11,172696938.5,26887162.73,68571235.09,22507873.05,3456601.77,1750919.31
Pioneer 30,Industrial Technology,FY2025,2025,219147054.9,123439167.53,95707887.38,54500444.73,41207442.65,33790102.97,28677839.1,10527356.13,33498777.19,22089231.43,20346471.94,77502735.07,44695288.63,214222119.48,26783264.06,78665853.48,35957341.65,6470741.81,1825058.05
Apex 31,Manufacturing,FY2021,2021,58466184.57,39466070.09,19000114.48,11550398.87,7449715.61,6108766.8,4089466.18,4257796.33,8184904.15,8234043.01,6913309.89,23226694.37,14301292.09,72320173.7,13772871.39,15488924.5,7341072.05,1439434.81,1142307.85
Apex 31,Manufacturing,FY2022,2022,65235534.7,43178147.35,22057387.35,13689201.59,8368185.76,6861912.32,4732201.6,4317104.88,9444608.59,9142708.53,7286643.92,26106890.19,16372687.36,76768663.32,14173737.89,22810817.62,6567758.07,1201419.01,1151177.7
Apex 31,Manufacturing,FY2023,2023,70787603.24,42974319.71,27813283.53,17258383.44,10554900.09,8655018.08,6568889.18,4609726.87,10371256.82,10173624.54,6915760.07,28401366.41,18006008.86,83444831.75,14352533.85,34159744.05,8464670.19,1930678.63,1024314.85
Apex 31,Manufacturing,FY2024,2024,76446665.61,45969899.29,30476766.32,21166945.74,9309820.58,7634052.87,5463349.56,3411197.89,11438028.13,11184863.45,5690529.87,31054951.73,19394057.12,80947490.18,14603820.36,40037367.91,3073739.85,2733065.08,1024003.32
Apex 31,Manufacturing,FY2025,2025,82829321.28,47982948.92,34846372.36,23883277.68,10963094.68,8989737.64,6567016.17,2524286.44,12532715.77,12251906.52,6220392.24,32337286.24,19598679.72,91046704.12,15172087.1,19433242.15,3519172.73,3686587.82,1180281.65
Titan 32,Business Services,FY2021,2021,142032201.01,92857333.47,49174867.55,28443725.11,20731142.44,16999536.8,10821836.09,11577817.07,24094429.28,17623546.61,13741148.6,60005026.88,32388660.45,143518108.27,64795523.05,32398351.15,18782549.49,2575964.28,4047217.69
Titan 32,Business Services,FY2022,2022,152440041.51,84658811.63,67781229.87,50944800.4,16836429.47,13805872.17,6165408.86,11861337.08,25582948.06,18837325.24,14835458.45,63620092.44,32602251.71,174703959.56,65958675.25,49579618.38,14591407.54,3659768.7,5353862.69
Titan 32,Business Services,FY2023,2023,168418025.4,113494896.85,54923128.54,25209776.19,29713352.35,24364948.93,17160968.67,12397164.94,28792155.82,20589810.19,21731656.24,69664204.37,41859805.73,210021268.66,64701132.74,49938021.23,22464705.73,4572789.06,4677709.88
Titan 32,Business Services,FY2024,2024,177639946.71,106643114.54,70996832.17,46324046.8,24672785.37,20231684.0,14579982.9,13362846.24,30853747.84,21508576.2,18746732.52,73641486.31,42036548.58,211044548.95,67584750.55,42748349.36,19047996.46,3206856.06,2987101.9
Titan 32,Business Services,FY2025,2025,197137413.52,130864866.35,66272547.17,56546054.89,9726492.28,7975723.67,740411.45,14028193.07,34108804.36,24366854.62,20041561.39,81695375.9,49834679.82,197842797.23,69722895.47,98375684.57,8889604.92,6608219.66,4278251.02
Summit 33,Distribution,FY2021,2021,162708245.85,109583900.85,53124345.0,32381614.41,20742730.59,17009039.09,12389083.07,17445711.45,23107878.06,14471563.53,15472634.29,62203634.36,33538030.58,180553247.03,41904285.09,70442229.69,15868475.04,7321380.75,2179332.33
Summit 33,Distribution,FY2022,2022,176439683.83,109648462.04,66791221.79,46919404.54,19871817.25,16294890.14,11235312.03,19431922.18,25221164.32,15442222.95,16151703.35,66931082.91,33930943.66,182000670.39,40914680.44,67636397.19,19580209.84,6270825.18,2412982.85
Summit 33,Distribution,FY2023,2023,189363967.39,108394803.36,80969164.03,53703980.23,27265183.8,22357450.72,17540532.89,19971053.79,26610902.86,16852148.34,16574155.96,72363171.75,39674331.83,213819437.9,41917623.4,89522469.48,20690815.7,5963409.45,1976458.31
Summit 33,Distribution,FY2024,2024,198653572.74,133894706.89,64758865.86,31035401.08,33723464.78,27653241.12,21406742.13,19320213.01,27969884.04,18034957.25,14401714.83,75908573.72,45693311.59,231261286.84,42989138.17,92958750.08,35288958.76,4754031.9,3266695.4
Summit 33,Distribution,FY2025,2025,222481078.22,139503972.85,82977105.36,53749337.19,29227768.17,23966769.9,17290624.19,19505827.0,31502178.54,20733760.52,25927477.42,82680205.98,52392866.35,246048414.08,45451741.97,95403069.64,26473733.9,4445049.25,3338929.54
Northstar 34,Healthcare Services,FY2021,2021,78128795.62,50368735.57,27760060.05,14996561.97,12763498.08,10466068.43,8453999.08,4599059.71,7378662.8,9159316.72,10088716.54,24688787.83,22147423.1,88559663.03,14426094.21,42777113.68,13235367.14,3204173.45,840137.41
Northstar 34,Healthcare Services,FY2022,2022,98749286.1,64685244.49,34064041.61,17866636.98,16197404.62,13281871.79,10673388.0,4722492.0,9515655.41,11703236.18,9812472.01,30755415.6,24249029.33,100220710.06,14314235.11,50405711.68,13686463.22,1757030.6,1127244.5
Northstar 34,Healthcare Services,FY2023,2023,117846122.44,65865723.23,51980399.2,36281362.35,15699036.85,12873210.22,9917291.39,5019557.76,11352409.46,13733873.31,13722959.1,35701080.89,32415466.18,105617899.84,14997193.5,28389027.95,13508349.92,3657087.36,1188226.99
Northstar 34,Healthcare Services,FY2024,2024,142777314.84,94281685.55,48495629.29,30767210.63,17728418.67,14537303.31,11223856.7,4809888.7,13757105.0,16761558.62,14844347.06,42677087.12,34665697.97,112613684.51,15015921.31,68345162.12,16645091.28,4110195.22,1171786.89
Northstar 34,Healthcare Services,FY2025,2025,180316068.32,113278154.52,67037913.8,48995337.65,18042576.15,14794912.44,10839025.77,4793454.79,17265954.84,21410339.79,14049287.74,52501986.74,41457289.72,180857308.73,14701747.63,54568774.42,18519873.5,4716223.21,1251145.65
Atlas 35,Food & Beverage,FY2021,2021,176821963.66,105780568.99,71041394.67,42160564.07,28880830.59,23682281.09,18708878.81,11501312.73,20400169.51,26178721.82,14777268.19,65982229.01,42078335.02,215443109.25,49525879.66,63543377.09,27247879.19,3353473.55,2321072.82
Atlas 35,Food & Beverage,FY2022,2022,184896762.21,117662791.47,67233970.74,36583874.03,30650096.71,25133079.3,19928051.46,12867666.69,21307311.05,28003790.11,14464059.11,70057252.01,44394562.46,163826022.81,52020940.79,73046744.36,22883398.4,2820460.0,2431576.41
Atlas 35,Food & Beverage,FY2023,2023,201907563.32,126875902.46,75031660.86,41713100.42,33318560.44,27321219.56,20644731.2,12444051.13,23034994.45,30596580.15,22450903.58,76594619.45,56532294.94,228222809.76,63465547.76,83702676.86,24333904.48,5354781.86,3647874.91
Atlas 35,Food & Beverage,FY2024,2024,225542841.85,145693793.72,79849048.13,54456371.11,25392677.02,20821995.16,13879786.72,13282542.9,25387208.75,34412883.28,23907647.7,83521285.26,57424993.82,261509962.02,77427968.26,98623969.23,24697917.59,5424188.07,3559065.81
Atlas 35,Food & Beverage,FY2025,2025,243906524.3,150896878.82,93009645.47,52202638.16,40807007.32,33461746.0,25403560.74,13746489.26,27029610.82,38071508.18,31044493.31,90578988.11,65091653.24,258282262.22,94462121.28,96180768.36,30175161.13,10812597.8,4399587.39
Pioneer 36,Industrial Technology,FY2021,2021,190568479.59,113271639.01,77296840.58,45158355.61,32138484.97,26353557.67,20488669.69,24098769.59,31017145.13,25609597.99,14111968.31,88382827.77,37165956.24,212756248.63,34870642.12,81454366.92,23177121.61,5723051.38,3006360.79
Pioneer 36,Industrial Technology,FY2022,2022,204524678.25,121026764.69,83497913.57,61528178.79,21969734.78,18015182.52,12629719.06,25091309.45,33814810.44,27328205.52,18119743.84,95468019.46,46938165.98,219469818.65,34326091.69,87805942.08,21592317.33,8188307.9,2317593.28
Pioneer 36,Industrial Technology,FY2023,2023,181198711.82,107303227.4,73895484.43,43871536.65,30023947.77,24619637.17,19194744.69,27000454.41,29399431.91,23782671.39,17407581.82,87333348.34,42099484.51,222555291.92,35460908.45,47005879.87,24266901.49,6566101.02,2706911.81
Pioneer 36,Industrial Technology,FY2024,2024,162126629.95,90236071.96,71890558.0,54531581.48,17358976.52,14234360.75,9096103.06,29191356.31,26988410.01,21002312.64,12583593.99,83097508.55,38927536.87,157958264.06,35186148.05,78849571.4,17536822.11,3754758.37,2706358.24
Pioneer 36,Industrial Technology,FY2025,2025,153065225.45,93257860.96,59807364.49,49561744.21,10245620.28,8401408.63,3881387.33,30579845.86,25523385.36,19933076.34,15920798.96,82301079.29,35729738.52,195433324.61,34855888.4,45211405.19,7540947.84,4632480.25,2224042.92
